{
  "depth_intrinsics": {
    "fx": 436.64068603515625,
    "fy": 436.64068603515625,
    "ppx": 419.0309753417969,
    "ppy": 239.411376953125,
    "width": 848,
    "height": 480
  },
  "color_intrinsics": {
    "fx": 1385.4674072265625,
    "fy": 1385.8802490234375,
    "ppx": 968.98828125,
    "ppy": 544.6642456054688,
    "width": 1920,
    "height": 1080
  },
  "extrinsic_depth_to_color": {
    "rotation_matrix": [
      [
        0.7844350399532262,
        -0.2543346774621248,
        -0.565663804687747
      ],
      [
        -0.11758507506479321,
        0.8345224630438464,
        -0.5382806041436372
      ],
      [
        0.6089625753817615,
        0.48875978815310606,
        0.6247226994987004
      ]
    ],
    "translation_vector": [
      -0.12353874938261954,
      0.03887114603156128,
      0.47472048059846256
    ]
  },
  "reprojection_error_pixels": 40.275260684324444,
  "num_captures": 3
}