{
  "depth_intrinsics": {
    "fx": 436.64068603515625,
    "fy": 436.64068603515625,
    "ppx": 419.0309753417969,
    "ppy": 239.411376953125,
    "width": 848,
    "height": 480
  },
  "color_intrinsics": {
    "fx": 1385.4674072265625,
    "fy": 1385.8802490234375,
    "ppx": 968.98828125,
    "ppy": 544.6642456054688,
    "width": 1920,
    "height": 1080
  },
  "extrinsic_depth_to_color": {
    "rotation_matrix": [
      [
        0.8135061813960086,
        -0.16953550854942118,
        -0.5562961479026917
      ],
      [
        -0.1228463321033677,
        0.8848838903323024,
        -0.44932090906068317
      ],
      [
        0.5684333483524989,
        0.4338642782844178,
        0.6990316992165003
      ]
    ],
    "translation_vector": [
      -0.09942523809911574,
      -0.005429098977040969,
      0.3807080626360773
    ]
  },
  "reprojection_error_pixels": 81.47003693443459,
  "num_captures": 3
}